mean_green_intensity,texture_contrast,disease_status
0.7397371322408985,0.29630887737658207,0
0.6889388559063052,0.34547083202350654,0
0.7518150830480553,0.18007162130904292,0
0.821842388512642,0.27814846183452857,0
0.681267730022133,0.21746787154390865,0
0.6812690434440655,0.2256437308117652,0
0.8263370252405913,0.22038030378805654,0
0.7613947783322327,0.2068004615160092,0
0.6624420491252038,0.2524260813972414,0
0.7434048034868771,0.2084524941794481,0
0.662926584575003,0.26352284128899195,0
0.6627416197143794,0.24748809452754314,0
0.7193569817252827,0.23805259765667952,0
0.5469375804273762,0.2046218168979201,0
0.5620065733989573,0.22116143347158335,0
0.6550169976607222,0.28776956129128783,0
0.6189735103732461,0.27504585938121906,0
0.7251397866076219,0.20112223776007243,0
0.6273580739583031,0.2549666152714613,0
0.5870157038931766,0.2875693561685895,0
0.8172519015137243,0.1665297359439314,0
0.6819378959610771,0.27716800961899674,0
0.7054022563750338,0.21686881205270767,0
0.5860201451029234,0.278529933429658,0
0.6564493820379853,0.21183704217287416,0
0.7088738071767893,0.15975589496677406,0
0.6079205138062157,0.16862287810584187,0
0.7300558414676537,0.2524042473330691,0
0.6519489048064956,0.2629861250860741,0
0.6766645000165378,0.20478416874477956,0
0.6518634710216482,0.2819296229388687,0
0.848182254760715,0.16692399688655202,0
0.6989202220209653,0.24669601006763417,0
0.6153831256835279,0.18944919001187716,0
0.7658035929682551,0.21740819460989202,0
0.6023325080023182,0.2523699335658207,0
0.7167090876003804,0.20697933173580238,0
0.5432263900896179,0.23077222278850873,0
0.5937451160881255,0.30031464046072204,0
0.7157488988695299,0.22115540652384255,0
0.7590773263996328,0.2917846056032571,0
0.7137094624951976,0.19351465726711908,0
0.6907481374089407,0.27649020889576414,0
0.6759117043528569,0.322078431032895,0
0.5817182407706057,0.12641777499363555,0
0.6424124633284233,0.21015523722647617,0
0.663148898323217,0.278853606359027,0
0.7845697780975132,0.23984773069785037,0
0.7274894631654769,0.26855729366856546,0
0.5589567875709812,0.21980074066420896,0
0.7259267175515836,0.25432948937364497,0
0.6691934175666946,0.24221613823039603,0
0.6458462399755233,0.3083891030829904,0
0.7489341031072694,0.26272104216506065,0
0.782479961799676,0.26688013310376013,0
0.7745024095292958,0.22940615169387663,0
0.6328625981421889,0.2256196887963753,0
0.6752630099319028,0.22837209060901895,0
0.7265010745122851,0.2697226071189148,0
0.7780436101697887,0.22895077595898686,0
0.6616660609723768,0.26448874284482066,0
0.6851472818668946,0.35377003993227196,0
0.6114932020795177,0.29355623517158463,0
0.6043034700735463,0.23369882339160794,0
0.7650020657915358,0.31006069610819725,0
0.8084992022856659,0.22959623134892243,0
0.6942391902735733,0.14809377324110728,0
0.7802826318313619,0.19959568445412978,0
0.7289308820038107,0.1564604039487072,0
0.64839041963159,0.23242432579793457,0
0.728911648440673,0.2509209189594776,0
0.8230429253172775,0.33382186561376415,0
0.6971339168712039,0.26634636868820816,0
0.8251714924651204,0.23904497355955678,0
0.49042039167282037,0.29147027905917444,0
0.7657522003500179,0.13944323454960572,0
0.7069637654590537,0.2617807279054283,0
0.6760794119627306,0.28854325969434835,0
0.7073408621228401,0.17607068771100792,0
0.5409944868319285,0.30718770216034647,0
0.682426248972999,0.2669248203747207,0
0.7285690057209396,0.22923560430495993,0
0.8182315235793213,0.2816390933053142,0
0.6585383825381081,0.3635346428902198,0
0.635320511768545,0.25909331275292474,0
0.6598594365132371,0.2624110293150168,0
0.7732321694161659,0.22703195502298779,0
0.7263000887727747,0.20750778152676042,0
0.6576191836986368,0.29151679082721227,0
0.7410613946490684,0.20719580870455664,0
0.7077662039478432,0.25357831186096963,0
0.7774915992426311,0.22611712766174416,0
0.6438357524898117,0.2739489912873196,0
0.6737870282721785,0.2666831052643474,0
0.6686313477494273,0.30187699721289496,0
0.5829188041494304,0.22449918005726266,0
0.7236896221651661,0.23650625323533145,0
0.720884421774391,0.20106181421088462,0
0.7004090765313968,0.2277853369961944,0
0.6812330293299882,0.2688650246522426,0
0.5867703406359668,0.2878494308322676,0
0.6663483741787712,0.20389173379111872,0
0.6725828386778584,0.293480296005283,0
0.6358178184622705,0.31778189294024756,0
0.6870971430667192,0.27067174516118503,0
0.7323240685451631,0.3438397906279033,0
0.8508948720968423,0.21131054004482136,0
0.713966225026547,0.18776726483442915,0
0.7206040312578211,0.16106398755478607,0
0.6940443267387065,0.32480221557445915,0
0.5464983027760766,0.2827182828177029,0
0.6978788899640626,0.24722076645447724,0
0.7048184167952821,0.263998431315991,0
0.8970593689988229,0.19372554763508118,0
0.6846111228175101,0.3722875989808413,0
0.7241237873866889,0.2564610590987614,0
0.6972230584235805,0.25546973973024467,0
0.6065057569904374,0.2862883311949346,0
0.7914258251612016,0.27405046158683566,0
0.7601546426149419,0.2611942012139566,0
0.7632825557634437,0.2104762772277344,0
0.6272490036164209,0.2735734178567998,0
0.8122235448748879,0.3441012248237517,0
0.5878519149766175,0.3172710023077489,0
0.7469485675040216,0.32965933133196984,0
0.8752364500647982,0.22443921617844073,0
0.6207570939895449,0.20051975898707095,0
0.6546961816317782,0.2437106539950176,0
0.7079721092070113,0.25278624561443475,0
0.659721947670704,0.3047095759235474,0
0.5759469255147094,0.16537676851425903,0
0.7054850379844821,0.3264775159730307,0
0.6150157029019115,0.24209960507105052,0
0.7378873944508145,0.228655946502629,0
0.6264460612612957,0.19939478123699161,0
0.8239947524014031,0.1672571664067115,0
0.637339736613101,0.2911585291980957,0
0.6742350787035459,0.2536658983594202,0
0.7650813773895735,0.1855019550129473,0
0.6015308546852836,0.1852460613968192,0
0.7181967947683303,0.2332107650354936,0
0.8045714203425942,0.3334510762644697,0
0.5714013412351018,0.23702043243181975,0
0.7147707086825843,0.1748428523440947,0
0.7207906235398739,0.2377128467957028,0
0.7625458297421848,0.23636382151261648,0
0.6010439431297534,0.11515566785292142,0
0.5943634709532578,0.2472852566741094,0
0.7417553252493517,0.2384532734895661,0
0.7237587738586548,0.28481031824067093,0
0.7200394280276701,0.34244780474726727,0
0.727715856759758,0.30632825147738785,0
0.6455980222737207,0.23655556547225848,0
0.7185802957728802,0.1946737045629165,0
0.7234457978638944,0.37866799016249303,0
0.6428518865578905,0.25296092170072443,0
0.8492619608915805,0.2506964645956473,0
0.737906633672943,0.24879374564449983,0
0.604695720223788,0.25990423803839274,0
0.7525242886907063,0.2427819794038029,0
0.6220254663818142,0.2213168996559882,0
0.7629667682993961,0.22265705293798038,0
0.7926876463205923,0.2483623364892001,0
0.6343454145318631,0.22282876144331176,0
0.7770700903395457,0.21435771086614178,0
0.7330224741549198,0.25532151138459486,0
0.7657648127995591,0.23725113912895723,0
0.8517434386123157,0.32519964942913443,0
0.6803689507197703,0.11745150958034939,0
0.6397011068514008,0.30457534259612307,0
0.6288388456299581,0.31230425962488145,0
0.6347351772027648,0.1463304883795925,0
0.6938318632468716,0.23286562029598257,0
0.7272921579853314,0.23142795670021044,0
0.7221352639464015,0.17962441526410894,0
0.7661746599228818,0.21110916562045623,0
0.7010401513502326,0.19447120772670856,0
0.8162827261725853,0.3376135221711811,0
0.6788274533409635,0.29678391965737305,0
0.9176135333271694,0.31357775474970795,0
0.7500533878212005,0.28608360320216175,0
0.6314273954866974,0.19354741143913853,0
0.6143286001551109,0.2237739866860113,0
0.7385977932194547,0.2744687280613959,0
0.6821229771739319,0.18889360955540274,0
0.7571200395273673,0.2856499215086194,0
0.7378590099658835,0.23798373009209325,0
0.6941736869874502,0.23125895962252013,0
0.6322565025545276,0.2855479984101746,0
0.5788122220251308,0.272213165574302,0
0.6642788038346382,0.231951691709046,0
0.7685119035458777,0.3079664901682124,0
0.7171274995304163,0.19594683362000515,0
0.6003408977030409,0.28079678034721317,0
0.7138544740680945,0.2796550628984192,0
0.7308253903783068,0.2345226780343005,0
0.6292914051039094,0.2663066511121059,0
0.7122980084756422,0.18744432118073484,0
0.7046566974756799,0.29620135096034506,0
0.6085623761735501,0.24075489317785054,0
0.7286229888278626,0.223863848974048,0
0.7448627621094587,0.3024504612918445,0
0.7866440994540221,0.21478281547286204,0
0.7843041641627921,0.179576935181822,0
0.5897864505634327,0.17216854132380482,0
0.6249739968067901,0.280300497567282,0
0.7412028213766927,0.18597853237518586,0
0.7411028760729766,0.33773970909921824,0
0.7412038149044838,0.14590352960581388,0
1.0082185192523776,0.3348228184145019,0
0.7456712408554533,0.26055087336013094,0
0.7908452512144479,0.24516434440648038,0
0.7763201410794561,0.2227540456595525,0
0.7521113001044638,0.26995680571760355,0
0.6747784604287723,0.24811826487875757,0
0.7607175376394614,0.3051650941008261,0
0.6381739828369942,0.255711382433102,0
0.6810545114607992,0.25751508807309387,0
0.6611709161736716,0.2318193893893072,0
0.7065499311509058,0.24715271881394663,0
0.8851726853338806,0.26539008844460293,0
0.5506187845926601,0.1644915803671687,0
0.754900815229961,0.18259072889471434,0
0.5709827303048278,0.28716320470113577,0
0.6622454507368453,0.2585432719063971,0
0.7871160477573893,0.24080083318236603,0
0.705142401527637,0.25092169665326963,0
0.6137804177656555,0.26737908526808357,0
0.6427757032592025,0.2230120159845319,0
0.754367819914774,0.21108476372988436,0
0.641570669462629,0.2597922627548841,0
0.7173166871665579,0.2010813611192484,0
0.7036457471923051,0.2704126377857236,0
0.6478719721915346,0.16487081978810797,0
0.871515527146026,0.3014577818662822,0
0.7507135217854408,0.27362987412065215,0
0.5379885930673913,0.2628014867156938,0
0.7149163451815541,0.29913454919727567,0
0.6470570828185289,0.33327372222312884,0
0.7681946667836979,0.30071850325090654,0
0.6365983409253839,0.15795628843341775,0
0.690821084682648,0.18602115166321492,0
0.7403989823184365,0.21875907111521606,0
0.7692604155336097,0.2513045525105417,0
0.6039762874355379,0.27588295102345617,0
0.6732399011327241,0.21371280934232673,0
0.6620043751071235,0.25933833822385394,0
0.647733661394103,0.21223085338233388,0
0.8412363392224878,0.2194241098504026,0
0.7323985368768764,0.17966694515758888,0
0.5991292836531963,0.20383833769445478,0
0.7734289557643821,0.18241576971918333,0
0.8697724957610107,0.20120633735113336,0
0.7825972208440917,0.30268208983039196,0
0.5784504027236789,0.20253005555840284,0
0.6612612741706998,0.38161910324186954,0
0.8013528919349298,0.2746658950440445,0
0.6433864427504975,0.2592418061847437,0
0.7355055542516983,0.20708211099093932,0
0.7619707242743469,0.28501549397044956,0
0.6258455622737533,0.22121810868811131,0
0.695237971515056,0.2561004907322681,0
0.44069861279447414,0.3780042269134397,0
0.6180489886932568,0.2451970050137675,0
0.6797945478885471,0.3074636663142838,0
0.600177345442812,0.21484117874370562,0
0.8305929043145308,0.24825057547515192,0
0.5855886897631494,0.3385400317817755,0
0.6647964410642413,0.21865164711061164,0
0.7104592461828872,0.3406224278998464,0
0.8153018631252892,0.28538759677277376,0
0.5851310279056448,0.22187666120528662,0
0.7930531001723967,0.281620386952776,0
0.7008186448815669,0.2986277224813365,0
0.6214793079161639,0.28109049811085984,0
0.7369682779410616,0.1714887640054772,0
0.7159247756458775,0.21364314120875658,0
0.6519826498272964,0.23762406822242477,0
0.7055841667992014,0.24627832854499768,0
0.6691749122510592,0.2810336048775339,0
0.7090813876200998,0.2588850500466627,0
0.7529704539616837,0.18323278206449495,0
0.8268813452916282,0.26900989255029817,0
0.600974760093852,0.28052928726419113,0
0.8706426699725013,0.277989522396552,0
0.5438329760381998,0.3040390362777311,0
0.6878571923971533,0.2916961077274452,0
0.747065376518766,0.2729590039614218,0
0.7224793494188025,0.24649171442706766,0
0.6501840384143525,0.16695195332420043,0
0.683350219971418,0.2714809109566293,0
0.6605599252272933,0.2603843843581556,0
0.652850819444463,0.26357894185976866,0
0.767968167761682,0.18616257120898452,0
0.7285612388772037,0.1959471729795869,0
0.6445672323791476,0.3026576426666452,0
0.77196799003466,0.24802224230716724,0
0.7245839616701287,0.2840750348686312,0
0.7650289695071167,0.25141591880652303,0
0.750370307353889,0.2514878069747873,0
0.6336803991262342,0.2969141902987999,0
0.6551855167842424,0.2241977635891313,0
0.7597834884098609,0.25480603884704917,0
0.7488296212346771,0.22688623556474788,0
0.6983278724828681,0.22827518862838422,0
0.7093861906647025,0.23454139382656802,0
0.8022131916630739,0.2611066885816856,0
0.6526742888931336,0.22606256891682613,0
0.743767790493603,0.31278780627867603,0
0.6838245878052884,0.2052696348890248,0
0.6825855037418224,0.24065641779193206,0
0.7879021481589752,0.22801344708629126,0
0.7660333079190423,0.32234889421768664,0
0.765080770880051,0.25982773882557875,0
0.8044383045723463,0.30159222697343174,0
0.7016803073306207,0.1757219813481514,0
0.754556237703597,0.26335251329346293,0
0.6751786594725234,0.29448153978117186,0
0.7259333081990753,0.25411419946377123,0
0.6895885556505852,0.30327401875326754,0
0.7077596771994175,0.2241355774949814,0
0.7476125620349531,0.320467372009279,0
0.6345423453413221,0.36494490618096254,0
0.8673909820548368,0.23185807197801706,0
0.6195186094800238,0.2277248739299614,0
0.6028649109769814,0.32266922385588503,0
0.7926488698800054,0.3289786072865356,0
0.7633330155170348,0.22385699864233657,0
0.7499295853641723,0.22899065914520714,0
0.7502676407411424,0.23591076955697465,0
0.6990202581722468,0.18277747444828613,0
0.6282196502811335,0.2040674026757901,0
0.706064364655498,0.1997929616623966,0
0.645827063079031,0.21161012174479357,0
0.77800957867342,0.24826575563066094,0
0.6882354094798289,0.26171073662682603,0
0.633960224256599,0.3275250246407039,0
0.6742891326677605,0.20008229796306046,0
0.7330345163420499,0.2992161199238292,0
0.654902035775682,0.23930055778872455,0
0.6342223683546855,0.24752681451737835,0
0.7194949769193529,0.2837409746083302,0
0.7195973256886978,0.19386389892188507,0
0.6594445459703095,0.2691204873092025,0
0.6623169355505342,0.2583226104106528,0
0.7185639949886109,0.27462256320040745,0
0.584153252680214,0.2644584321953909,0
0.5874028980498756,0.3727650069955447,0
0.6425244622998051,0.2181130007874342,0
0.6829242278630522,0.2234501522499091,0
0.7248726052478404,0.21884297367876177,0
0.8180284973559642,0.22222614404198726,0
0.7686127698561616,0.2181306436346741,0
0.6872049176029258,0.3094508265553776,0
0.6984787033677848,0.3210252123994928,0
0.6197976508289752,0.2214626853125262,0
0.6985189491206087,0.20838222134478857,0
0.6769073088863888,0.2735707778193202,0
0.7258174848270471,0.22238884778595144,0
0.6338215245158141,0.28164659088777555,0
0.7415477211392938,0.260146151042565,0
0.8226191130402062,0.17421279425013841,0
0.6912991881234514,0.3273752600665031,0
0.7321369377679152,0.3397938836547761,0
0.7552115193368889,0.2193605654757807,0
0.667902362249133,0.2306149220032008,0
0.7179273985448333,0.26429326953624527,0
0.7010073920625436,0.26672283949935127,0
0.7078140878839065,0.28292721363364154,0
0.6381592172915627,0.35051022693831746,0
0.7019608139407154,0.24115263862529754,0
0.7398398632996359,0.2100851377730773,0
0.8160914886236033,0.18103403859927364,0
0.7767416660868165,0.21345349800290403,0
0.8722545966009245,0.24834365135631015,0
0.638612194968956,0.33972789317588936,0
0.7697856509376542,0.22411943504819143,0
0.7146673604590681,0.2611893975819449,0
0.8751842346574137,0.2491788551963624,0
0.6353361371715879,0.3094196636724042,0
0.6328222526255378,0.3763466212936811,0
0.6520485883644782,0.22345656135398395,0
0.5300883420552154,0.22552802787408888,0
0.657939598265539,0.3022080438534536,0
0.6392693870757041,0.2840945744813156,0
0.7120315029180966,0.34233536628680167,0
0.7273404780621727,0.2791964092662982,0
0.8500936671372709,0.23203539546064703,0
0.776033907054884,0.2795327415346155,0
0.6538477075470077,0.3054351790291454,0
0.6281268262921313,0.2910241090598682,0
0.7393535337205204,0.2753637015553649,0
0.5943813434383486,0.3033337344794577,0
0.8465167012683483,0.3084647795222836,0
0.7943552096577029,0.3191079495518764,0
0.6624659478316236,0.2824354943794821,0
0.5629492376727298,0.2416440959841573,0
0.808309789933233,0.25733568432166615,0
0.6908368123797906,0.31032544832541786,0
0.7990253049578769,0.2091532164506382,0
0.5724457872964506,0.26843366544364505,0
0.6520499981636981,0.23033305938363197,0
0.7004194959774546,0.2514372411467409,0
0.7037584475011793,0.31392259313036497,0
0.6639947622816604,0.25955495340099516,0
0.7498279945877998,0.25232182740780745,0
0.6145903656493924,0.18200719295100404,0
0.6886096411982965,0.28731267830136104,0
0.7096236505369519,0.28227420905705375,0
0.7411551067246999,0.358162736165273,0
0.7569291902471111,0.23461108825234997,0
0.6100286326529705,0.260957516383197,0
0.5772708663411502,0.2624691841855378,0
0.8022141457518807,0.3288726639881737,0
0.7265851209583672,0.2452352233806524,0
0.6401210770754757,0.26395107628851694,0
0.8240921580418018,0.28039482548582695,0
0.7092539707434287,0.2593304561578179,0
0.7943437747251061,0.2276783192724736,0
0.7054014785128087,0.2597044996449154,0
0.8648598339905589,0.3036815874929886,0
0.8404272673954563,0.19867423502944698,0
0.6800828681216741,0.2566484837073438,0
0.7777256760763483,0.21499395925304132,0
0.7516300759668118,0.30975233144624215,0
0.8094905246025879,0.17384065476081126,0
0.6228061231535916,0.22205390763642058,0
0.7548841167998751,0.268860593753226,0
0.784673958947967,0.32827620146171704,0
0.5593008410861509,0.24671248694635062,0
0.605339318986738,0.22224002366534007,0
0.5368614257791919,0.3440578534720295,0
0.6784474532444353,0.1775993049791878,0
0.757403380463677,0.14005970216899588,0
0.8201885641676823,0.2720007225026666,0
0.705927582433582,0.22489728878236945,0
0.8302892436457033,0.19893835914346433,0
0.5895918833428087,0.28541782236496765,0
0.5637294048515875,0.2621900356885599,0
0.6955561840882705,0.22179606846316358,0
0.7307252359151445,0.18598478006645527,0
0.6973844201524725,0.29362286641400726,0
0.5346046319968099,0.28251005889793307,0
0.6928703968389769,0.24504120681103086,0
0.5956424399596116,0.3423318498023833,0
0.753573803906403,0.19649576168369237,0
0.7293278596877478,0.17372374145376307,0
0.6248096170938116,0.21540459650593777,0
0.6588906466130645,0.2477206991822251,0
0.6152629182488838,0.2621669724661346,0
0.6949856722181462,0.2379381971071835,0
0.776411385640099,0.26760276982571485,0
0.6211419162931564,0.18742302879047779,0
0.7403237212414275,0.322188230203663,0
0.6575793905302046,0.24589244108037156,0
0.6365701734190125,0.3058647915794064,0
0.6914375712036354,0.2671362673188852,0
0.61718061420645,0.2728376609576892,0
0.6557080555722254,0.2784883640116102,0
0.6041697685928921,0.27238542800086574,0
0.8571780106333111,0.2821361379933772,0
0.7028210841577383,0.31645762650662157,0
0.6440219593605931,0.2598260584850735,0
0.7171183928587377,0.2854501878794256,0
0.6910137560247336,0.24551321528563866,0
0.6823224320373421,0.3220058607724736,0
0.749133336003474,0.2161803848970365,0
0.7606006168037843,0.3400470216455408,0
0.6575599081911577,0.24799210246778283,0
0.6539345407484256,0.1784612448940976,0
0.6779958642278684,0.25640522074553945,0
0.5158463068211532,0.21594741712625595,0
0.5787847150241158,0.2920321774494362,0
0.8093499413955619,0.21736880103488046,0
0.8315974170801026,0.22769082833926102,0
0.6800771168354897,0.15552296345272343,0
0.7461245570444612,0.22738468403754616,0
0.7249000123634829,0.12880603366855214,0
0.946310464676419,0.17080485882571383,0
0.7895659929147661,0.28802073280721485,0
0.6897665926815386,0.2892900079325416,0
0.6235567647519659,0.2712728780892482,0
0.5714842943793942,0.20165119284353936,0
0.7162770908693779,0.247614432192901,0
0.6394919403772557,0.24981987304547157,0
0.586219703232186,0.19208176554037287,0
0.6482741692605978,0.3251699150883575,0
0.6134761597108483,0.2938681145287836,0
0.8349713308058051,0.2389517913085168,0
0.770531180555956,0.2513442919497265,0
0.6993621886946706,0.2604191403973776,0
0.818395531111202,0.14791325657878546,0
0.7061894646118094,0.23764113087397015,0
0.6310972638937389,0.21590078760011006,0
0.8218499261815726,0.1999189995052542,0
0.7431128034947726,0.23594498535570224,0
0.6170203076538834,0.3398843263424761,0
0.6847729057533113,0.2820421430633505,0
0.6299505397292193,0.22144105051086016,0
0.5893760215228531,0.27862913906780795,0
0.6179226523903203,0.6778361076166638,1
0.5609560419495323,0.5448814283671466,1
0.4571556443904209,0.5181801116577692,1
0.37236758667533115,0.5996625542589048,1
0.5337867976336308,0.5829815377475072,1
0.49721824625060995,0.5546771950672724,1
0.5574231864033279,0.6696387447456715,1
0.5262206162018364,0.695530520857051,1
0.5759463258383202,0.6088406886291847,1
0.3857717746127319,0.7477530081055261,1
0.6080872878761191,0.4858310885866495,1
0.47371195256308796,0.5806340540720282,1
0.6990313047150318,0.5283177679397195,1
0.3672974618292519,0.41334633829269396,1
0.6583156563798299,0.5917319314157301,1
0.47374929401551774,0.5878252491616717,1
0.3718298395662662,0.7513449743242131,1
0.3919336999134814,0.6630811684554777,1
0.4115583230166816,0.49758131756707946,1
0.5008999135682299,0.7854092566334188,1
0.51274025856426,0.7221033695525353,1
0.38115599952737056,0.6582097703468616,1
0.44707744892868206,0.5773515901150168,1
0.7070724430334236,0.504056076327652,1
0.6573051804120853,0.5627793223928946,1
0.5023588403608839,0.7088748619704186,1
0.45456041738018405,0.7884586305934609,1
0.46440375920619137,0.7543243528272189,1
0.52362215672765,0.5511150578213726,1
0.32726489217619137,0.48803825667109885,1
0.4191148155091986,0.6140886246911204,1
0.2497699111346893,0.4231560634437148,1
0.4979067747126335,0.6323167714184781,1
0.527663512764329,0.5852397413701331,1
0.3920176245240751,0.5533963498131758,1
0.638878411594804,0.4405296932733204,1
0.30290812043971904,0.6513600106569717,1
0.2742750143748216,0.5467299160338088,1
0.47693421822719667,0.4830083164289712,1
0.5756517963134585,0.31277377867183503,1
0.6520713229749442,0.5972485094949364,1
0.3949338884557272,0.7772251596669744,1
0.5794417000117555,0.766125921454787,1
0.44537898365991513,0.5542903743413727,1
0.42928472400710166,0.5397787939638219,1
0.5560391924984007,0.6468774256075024,1
0.5282787454096104,0.5001614560811708,1
0.2608329411618901,0.6301791899819466,1
0.6271848419671076,0.676608027838469,1
0.6156109624976942,0.7226933223884308,1
0.37493247581885647,0.5899845923520047,1
0.4974964240124891,0.5796326249823034,1
0.5092836223539287,0.5122017413243438,1
0.4812808518988689,0.517311964596014,1
0.3839633815385496,0.5773521108098473,1
0.3694051958474338,0.6367365506816178,1
0.44693351148102656,0.6913584626233249,1
0.5907274823111237,0.5196821049319655,1
0.5152320185513319,0.7492688568959521,1
0.4055262801496673,0.5728876398957431,1
0.5426038452778014,0.5978632705651563,1
0.10817488552439097,0.5252788320852176,1
0.5878518840446524,0.3575759739727058,1
0.24123434654662806,0.6884045396361049,1
0.40650708703162414,0.6736843897092433,1
0.31563961264486273,0.5718672442881786,1
0.2946382229134913,0.6066990717224872,1
0.5892992144854223,0.6515939217704099,1
0.39387585584257306,0.44374541431134573,1
0.4915804658076859,0.5470947322653705,1
0.4443695305344979,0.6794264679621826,1
0.5072448992667746,0.47457105768307506,1
0.45921862692723064,0.6293557932166629,1
0.2960409330973717,0.46434181953765946,1
0.5695520183336568,0.6466429982433526,1
0.3907492100206425,0.5964358517702516,1
0.26321017216082987,0.43848681840944903,1
0.3986261806840905,0.7164739354457171,1
0.6300911748761173,0.526540842320195,1
0.5520266090536191,0.5189747562985618,1
0.4081617438710569,0.6200569197230943,1
0.4080890754817886,0.7148637349428715,1
0.4114037938539141,0.4984178181021603,1
0.6992097580273009,0.6061679849847972,1
0.49583225426778643,0.6428816500330573,1
0.5016049976629283,0.6693105607263143,1
0.573634014483821,0.6176441555277224,1
0.47865469908318165,0.5632972160916677,1
0.4189149425015156,0.517240977935128,1
0.42643801810980264,0.6086143883046374,1
0.4414078488703123,0.4927860988014393,1
0.44553333161881903,0.30786495165053923,1
0.5373155452364375,0.6436559804157668,1
0.4562335062968759,0.6903934841086194,1
0.5379168092658695,0.3637067564458161,1
0.44031401038697016,0.49902692952900624,1
0.4594362228379309,0.6619154261005198,1
0.2102159178561471,0.8057495469711698,1
0.5599593209642978,0.6020793707675408,1
0.49157861710775913,0.5271997058770865,1
0.5697612131831583,0.5817103558895159,1
0.1024493546167573,0.7374876419148184,1
0.7006049645736874,0.5354035820875465,1
0.43324924462137915,0.5200807993349746,1
0.582981938008502,0.5517256477817968,1
0.3252112887449363,0.5046671391741288,1
0.5235328686075084,0.6122670315994795,1
0.3235901324191613,0.762467845846956,1
0.3751477247165034,0.6323079273116029,1
0.6796837624640144,0.5747646497873712,1
0.42711811190839843,0.5708188731084456,1
0.47609194478156674,0.44368091913033425,1
0.5544081276826505,0.6883109777147158,1
0.5094818265567126,0.5922162802987198,1
0.4680502686172292,0.5819520086409374,1
0.4937953202959471,0.919310756784486,1
0.7384098702285931,0.6298752908365686,1
0.44308574435596976,0.5248208949904816,1
0.4741318856057961,0.5573642403794457,1
0.5760785275209135,0.7148445709196755,1
0.5826631119549581,0.6113270410537764,1
0.5924436366672456,0.45617220216826326,1
0.5266476266435022,0.6919228934575203,1
0.312839410472342,0.5331855914461006,1
0.6460117838761315,0.7873297776217545,1
0.31243855283775746,0.7080048065714648,1
0.486316255828684,0.5552678104341249,1
0.3594868979976771,0.7281016361735113,1
0.4423033984088409,0.6067855510527403,1
0.4894514892364177,0.6852773675122219,1
0.4885628658540328,0.6484732817294474,1
0.5006304905082342,0.5153643345009127,1
0.6436453522870377,0.5356450167682538,1
0.5044241161816776,0.7029960817581161,1
0.42070120376512216,0.5665224667893459,1
0.5656904601946029,0.5596351536758003,1
0.5927364586709569,0.5044877420650646,1
0.3026870621835609,0.642359906559346,1
0.5216880083819829,0.8062524919243145,1
0.5341407290773078,0.4932467085745727,1
0.414292379596801,0.6024219456672758,1
0.6150848175973943,0.741222055541543,1
0.4319933295560968,0.5920358608754285,1
0.4650691744165851,0.6452371796249734,1
0.42923138108593567,0.493760647185312,1
0.45186948570977614,0.6428307097207648,1
0.3184469895725758,0.5812855734995451,1
0.27719389408868467,0.6985729995679862,1
0.6413406075869967,0.7187386051564751,1
0.3483646382018007,0.8589563642018614,1
0.33103291806524315,0.6579633173213575,1
0.19159318636755424,0.6325796316582166,1
0.3733245902772597,0.6194384301577336,1
0.29122922479110025,0.5646833707189312,1
0.6470418192163643,0.6338483843461691,1
0.5711780507211162,0.5704598589860971,1
0.36742195857867316,0.6168460976269614,1
0.720292296641317,0.7317597535607959,1
0.5678118584389913,0.49934574347203586,1
0.4110202339789653,0.7139878561129045,1
0.15007131421517123,0.7317115067339865,1
0.724913108710889,0.5881931473008921,1
0.2832513039883685,0.3878145100991405,1
0.252552150365173,0.5392178012905567,1
0.5727084518411568,0.7296994546561109,1
0.7427702887607127,0.5977131937701118,1
0.6161127382212622,0.5000697767705089,1
0.5176690944062832,0.5495225078771783,1
0.5213705209998343,0.6840620026504552,1
0.5524098670536369,0.6546733568201379,1
0.5410714307744118,0.5761067900830306,1
0.4837429708763251,0.5633175588185312,1
0.4625041324742251,0.5608241850956178,1
0.4424888246520573,0.5077589815501498,1
0.35952424933599886,0.7615375689469441,1
0.4163189907759871,0.567767953078866,1
0.24684518229655375,0.7217158520825496,1
0.43819924478463,0.7521316051922451,1
0.3313690671418899,0.699831089814796,1
0.3175692819341075,0.5568379687281951,1
0.47158729813841743,0.6403730090336609,1
0.6170402743613519,0.5975804393609083,1
0.5601979927202776,0.5096298139269871,1
0.26153992756521877,0.6324359281721603,1
0.3312446236115595,0.4820960208840197,1
0.5628925425585859,0.7187679388461563,1
0.3321015127754029,0.5535382702701607,1
0.42304402200035707,0.6201159655872839,1
0.5160062518829462,0.6283287871546142,1
0.33379866541636377,0.5741095026295923,1
0.4626450607375152,0.6586693801475274,1
0.2899169406098155,0.5525096343377476,1
0.3778358827258544,0.6871297297457244,1
0.48837383209710444,0.46540203197532515,1
0.2588407519761997,0.6126379579546412,1
0.5028569685552479,0.7938928999058285,1
0.44764346412879824,0.4999668675394425,1
0.5162987945300578,0.5322255029475148,1
0.47686969608775936,0.6513907849658915,1
0.6136968515968613,0.6179581781939598,1
0.4650269403177489,0.6350630099273559,1
0.3984713350649697,0.6489187130147663,1
0.46467570036387407,0.663472146856177,1
0.5151957634843666,0.7109699841956223,1
0.4558632084390845,0.6409818656928512,1
0.4548710029444659,0.5758742345381457,1
0.36576099746318935,0.6672573701202731,1
0.3704518898938862,0.7899881934895215,1
0.28168736738403677,0.5867366253617426,1
0.6599492091824327,0.5025470695329358,1
0.3007364117530458,0.7107080669286973,1
0.36685137626449116,0.5879618836046402,1
0.36379112813169634,0.3827330453985963,1
0.557390925233333,0.6847421677150421,1
0.4146060386049567,0.5464671814046077,1
0.5997290487208481,0.5909466717695839,1
0.3691811250907358,0.6331980330569015,1
0.48347929946685625,0.6190499679779066,1
0.3497583536088291,0.6709451817139039,1
0.7074178953328065,0.5564513629430157,1
0.30748818971645847,0.6513105798176082,1
0.48717848522724333,0.5740453322416083,1
0.5260532257118519,0.6738810480887503,1
0.4996558916941798,0.6615367484013053,1
0.42776548093467504,0.5064561297955404,1
0.43442151603198886,0.7085982116175032,1
0.45525737663749316,0.5464036554885952,1
0.43235975980458136,0.6808057798281145,1
0.5656654940153891,0.6367287313401341,1
0.7152627601909621,0.7838183676795123,1
0.38310098579906,0.5776534017628148,1
0.28562364245051064,0.5650683203881802,1
0.43940615419784945,0.5980580394112267,1
0.7595651205185182,0.5696820217165725,1
0.35355905184363234,0.679994190194205,1
0.6466940166532881,0.4383689391563412,1
0.6513240976891729,0.4946317580853646,1
0.38356941099504066,0.4932197078420807,1
0.518277969502233,0.6950307591973576,1
0.6454075947754245,0.7710613372581925,1
0.40450467108150157,0.5895550781462529,1
0.4255703567877166,0.583117827680999,1
0.38019829032616276,0.6070052163113181,1
0.328229192316856,0.716187830260819,1
0.37208669459207916,0.5072646865809426,1
0.30312716798852923,0.6238368982734785,1
0.4540900161911071,0.6975197629782429,1
0.357603212272963,0.6501094169939845,1
0.47805430941488974,0.6189581616598743,1
0.2632925224555648,0.7001046092567141,1
0.48970562786573485,0.3296767707000762,1
0.550023475393071,0.6677875319530907,1
0.21075172289142538,0.5345924316872576,1
0.4948867883817087,0.4169367103143543,1
0.5973202790967951,0.651120259952498,1
0.3048430777570553,0.7373658545162958,1
0.6507086864205244,0.5862551485372308,1
0.5002822811239255,0.6952874547202939,1
0.36539857730899095,0.7612278257988645,1
0.4433077106810753,0.7314914453584047,1
0.5169992295026067,0.7639964529371392,1
0.4591206469694894,0.6742127491071892,1
0.5146507190935643,0.6075433638901593,1
0.33951916883047606,0.4398034188102831,1
0.4703232988843294,0.5753937511870051,1
0.28035426037140243,0.5156753404683808,1
0.436652872638156,0.8170942717497813,1
0.34153108302422525,0.5824114187567663,1
0.36173640688922803,0.6123204806784486,1
0.5983311810252525,0.6551485376040467,1
0.5809572144713123,0.6043602446372454,1
0.5230965745088613,0.7695051040430753,1
0.31892246823929055,0.5377350638265548,1
0.4120309860366238,0.6194607455237242,1
0.595571723997502,0.5257529414301951,1
0.46700602963678856,0.4679977488779294,1
0.7283195447978033,0.5388230909094714,1
0.49719814072732466,0.5962963202951588,1
0.4730458939788038,0.557069777548274,1
0.41290602429569984,0.5307579020126144,1
0.4660249085738739,0.4593682536328166,1
0.43170361963433473,0.5916894427371305,1
0.5349730412026309,0.44952796259689975,1
0.56480427801535,0.6760055963689602,1
0.35568126473904604,0.6082439752934503,1
0.29025204557306666,0.4542448500535069,1
0.22965535522760444,0.5690790922950136,1
0.5109589592295053,0.5247843594409416,1
0.31759600725913517,0.631917451041918,1
0.19165312884570207,0.7340450446023145,1
0.4966294325437157,0.4124827530354255,1
0.7491599420919348,0.6115026079147416,1
0.4492714906152128,0.583986720443336,1
0.5506188929341971,0.6671340076450465,1
0.45981952302570783,0.6213196628237689,1
0.4381332416170629,0.5248030668261181,1
0.5602891779585323,0.5680946064333382,1
0.41516705469736187,0.520397414319651,1
0.48208707768862835,0.7076007138598598,1
0.48860373674352164,0.6021311648671942,1
0.3698291455628342,0.7901190685753008,1
0.5690450819443827,0.593933918618538,1
0.429004829196551,0.5291593233089537,1
0.35931058086085865,0.44862856073871726,1
0.5143811812284484,0.4196860323744055,1
0.3421838421850755,0.44158640569945096,1
0.4533817388842954,0.6267126651011483,1
0.4489057204026956,0.6508725023229933,1
0.5803074678997894,0.4418809297967866,1
0.5069637879455944,0.6895038314076115,1
0.4469967649505827,0.551693894831656,1
0.5481319559040345,0.614679301198555,1
0.6168249058820776,0.7612220628255424,1
0.5169372367622235,0.6896839315865532,1
0.4512423143812057,0.5731469352094167,1
0.29257965211798087,0.5108807774584713,1
0.3221863604309553,0.3848184598670695,1
0.41337303547743987,0.5280846680757579,1
0.376858535740886,0.5788869761172305,1
0.4275634436417465,0.5012820472848816,1
0.4567979909876529,0.5868743032907695,1
0.5135631305228077,0.6076851882958768,1
0.4415401466329091,0.5775144018191921,1
0.5083801972591442,0.534999741917654,1
0.4577369297772144,0.6168654671966728,1
0.21294401203753546,0.6441940649569409,1
0.3372797527417495,0.49096009225571535,1
0.43270949331340613,0.741093237974627,1
0.3048366308590671,0.5901411867715738,1
0.5219914475995445,0.6018849622944847,1
0.6336900998812437,0.6708214423256557,1
0.596251422203678,0.6233216131263501,1
0.42438685548837507,0.6953136633913245,1
0.6288871364219942,0.6287124165201824,1
0.4678400948642534,0.5387562625359562,1
0.4095496834658353,0.6361503525206101,1
0.37639168037508725,0.4856273792679338,1
0.4137036376214246,0.6108559705776523,1
0.4034187817750526,0.5966770009355539,1
0.4704499466850585,0.579188314272746,1
0.46926887772598375,0.5871462488561069,1
0.45036552241840977,0.4118150954502361,1
0.502432580369562,0.5451275092259038,1
0.592877552974361,0.6092844901141115,1
0.5639464962529589,0.61598563919974,1
0.2718122437860116,0.49723248590740415,1
0.14352946381176546,0.72657078408647,1
0.5621183893487128,0.5133825151785498,1
0.2859745561901495,0.6969457200526736,1
0.423028151772878,0.6427194361871684,1
0.3095864368728769,0.5353772690156197,1
0.23376234749039765,0.7775310892609512,1
0.5149755273845745,0.480636316824352,1
0.5410986192363176,0.6919154173610002,1
0.3808187519127937,0.7000582318042978,1
0.1390749249426108,0.5329379790923355,1
0.3844506662097021,0.7392465300064328,1
0.4970164806483056,0.5749953485401047,1
0.2725306117471046,0.6288693629279857,1
0.4720031903734987,0.626032183877122,1
0.4481628180992405,0.5865691258529452,1
0.5195149799521306,0.6810808273159782,1
0.4643496442096984,0.6793488720552213,1
0.33323172709421334,0.4251468026761819,1
0.5935885801997389,0.7304340242878152,1
0.4309764512367636,0.4337508011964325,1
0.4467234552588082,0.7032546204341658,1
0.3380078449112165,0.7126705136827584,1
0.3968061298570188,0.49090335697848014,1
0.3438236743167719,0.5589185712045415,1
0.42924647280918926,0.4894295331514064,1
0.6554050176170813,0.5785078969711265,1
0.28537186284823723,0.5691965715814259,1
0.2563726322547911,0.6779660532269339,1
0.6265404392992331,0.7310308746119608,1
0.42488115874177607,0.7395683810789956,1
0.36971127136081006,0.5437831973421697,1
0.5747885624875292,0.5790778126255473,1
0.3773261352315763,0.4316561807779049,1
0.6691211656256324,0.519412993350381,1
0.5313511045607123,0.6964851633097457,1
0.3914506310225157,0.7615582823548231,1
0.7088769855918604,0.47656511281200775,1
0.3773142092395994,0.5407535740847106,1
0.5390514446411169,0.5973594243041073,1
0.48591510964877904,0.6280161158819606,1
0.6062089547278557,0.5190396480078354,1
0.6373813436072223,0.642406104446409,1
0.453840497887892,0.5526160652929084,1
0.359589855558458,0.5985547729121721,1
0.505196657152694,0.65462842480037,1
0.36867415562974726,0.6006422269810937,1
0.6916064697031947,0.5563614109473431,1
0.4663842397299285,0.5890390196074169,1
0.40616141384254695,0.5911637040794664,1
0.472161636703789,0.5629988970117872,1
0.28834484525643644,0.5741203937332897,1
0.33340631537872184,0.7598647170504716,1
0.594049668953331,0.6560919447941238,1
0.3711726865234325,0.570451968197084,1
0.32437068207816727,0.6696954404510735,1
0.5143983303032743,0.566618051024399,1
0.5922844985595597,0.7173124637586641,1
0.536274397279808,0.6369642192198094,1
0.569525722296698,0.5892697855995771,1
0.35918458937166475,0.6447716925810277,1
0.27938271999097875,0.44291238479315004,1
0.6301600382346584,0.48732325310901947,1
0.4112784193389437,0.48060749936009445,1
0.41990003802539433,0.6142943094763706,1
0.609383297021887,0.7732514999485092,1
0.5167476011280792,0.8231300146192633,1
0.5047065326497929,0.6638051101440757,1
0.7098002813881301,0.6500844474944457,1
0.37277781235438284,0.4198942265847261,1
0.5613408153697484,0.5457326200265978,1
0.45684157498765016,0.5212216248091761,1
0.48223107346359084,0.5379152401748883,1
0.6334162111695039,0.583185618141521,1
0.5109402907547549,0.5527909422302872,1
0.514595529485956,0.4020700189624212,1
0.5787008804771763,0.6747910256117533,1
0.4062056724548538,0.49272569742601935,1
0.34929483991931926,0.623924686411115,1
0.324622896717476,0.8074082669749973,1
0.21403720927487982,0.5080615408413576,1
0.6967448555928386,0.34697124772536697,1
0.31761499611339805,0.5713995778119889,1
0.4234495651697074,0.7100959634998572,1
0.41678240401332955,0.7958347454220593,1
0.4868888037370921,0.47704504055475827,1
0.5478884655047156,0.6496699223236522,1
0.5532568186031694,0.5534689543219946,1
0.3800307073717274,0.5894051645695864,1
0.4299453943456306,0.8644343347017034,1
0.48390959405859596,0.44970296716048463,1
0.4201570648579744,0.6253739661494573,1
0.6428814691223992,0.6467693171765433,1
0.5089169941965902,0.7085786324939347,1
0.5381853343259781,0.6097983153470895,1
0.5295457522400895,0.6308050539504102,1
0.590816862898239,0.5608351432578209,1
0.47172258704444486,0.6269126941245107,1
0.2943801662452984,0.5656807724502589,1
0.497962554210317,0.662157188985605,1
0.3718371727449805,0.5630389663956366,1
0.3865659981900292,0.6377100393902186,1
0.5203636822506112,0.5970737186315022,1
0.5985939685720363,0.7126050250772168,1
0.4525525892083274,0.5948606276411513,1
0.4870599615118757,0.4226967531793118,1
0.6542657933562286,0.7261921500713991,1
0.47889038153862823,0.509426769913738,1
0.7622019737016474,0.534623366135118,1
0.5178611574757853,0.5404338705956507,1
0.2387084689013019,0.7374438093170818,1
0.5404009945325439,0.3864325786021304,1
0.49573900618593336,0.9137748533659994,1
0.6047703304899295,0.7056056809066051,1
0.530781762152395,0.622323891412916,1
0.43338528192194714,0.5945105999383713,1
0.3030842116452761,0.6285554074857657,1
0.424917209125677,0.6521122428379338,1
0.347937545494884,0.6645215585950057,1
0.3803371860234333,0.6555604466003448,1
0.5206294085304731,0.6089580681255249,1
0.6503885405221688,0.5802661579692674,1
0.49736058357875773,0.5848726716346488,1
0.3064940325557779,0.5805091719647318,1
0.5033523201864168,0.7133770096867065,1
0.5935957783974781,0.6593556722280862,1
0.37682605148167414,0.30596113653357193,1
0.4339179399992499,0.6655900776529761,1
0.4517625833675037,0.6194736194718775,1
0.35581220243013123,0.5981291243554102,1
0.527793652061263,0.5611481546911113,1
0.43548622216706623,0.7124112719986013,1
0.5003438932688433,0.6947526462122857,1
0.343500938663748,0.522712233217639,1
0.39750500396119076,0.6407052287124535,1
0.5366857629393326,0.5028343265458713,1
0.40526002174898795,0.4620381835211069,1
0.6572356621480087,0.5373282775410034,1
0.4020436577262477,0.6862393472382758,1
0.4769621670902263,0.6953125045376086,1
0.5619108998247708,0.6513085420097293,1
0.2797961120480362,0.6725095786847997,1
0.23870294256230692,0.6516178287114958,1
0.26692124225158864,0.5358518404777047,1
0.6015100924112619,0.643192254467394,1
0.3837770224929064,0.6800409525227682,1
0.7569839142801903,0.6754291329813574,1
0.3822902881611134,0.7188913371474643,1
0.47214615638364443,0.6708303847201064,1
0.6350531943081451,0.6351448207541582,1
0.6907311465790947,0.7070150238316427,1
0.6973804291963678,0.5973478740750939,1
0.595003947671177,0.5118125348772282,1
0.5728875030973755,0.5836933036056235,1
0.5211032339041419,0.5255097355193551,1
